20160403-M-Miami_Masters-F-Novak_Djokovic-Kei_Nishikori,novak djokovic,kei nishikori,novak djokovic
20160329-M-Miami_Masters-R16-Andrey_Kuznetsov-Nick_Kyrgios,andrey kuznetsov,nick kyrgios,nick kyrgios
20160328-M-Miami_Masters-R32-Andrey_Kuznetsov-Adrian_Mannarino,andrey kuznetsov,adrian mannarino,andrey kuznetsov
20160328-M-Miami_Masters-R16-Roberto_Bautista_Agut-Jo_Wilfried_Tsonga,roberto bautista agut,jo wilfried tsonga,roberto bautista agut
20160328-M-Miami_Masters-QF-Milos_Raonic-Nick_Kyrgios,milos raonic,nick kyrgios,nick kyrgios
20160327-M-Miami_Masters-R32-Viktor_Troicki-David_Goffin,viktor troicki,david goffin,david goffin
20160327-M-Miami_Masters-R32-Tomas_Berdych-Steve_Johnson,tomas berdych,steve johnson,tomas berdych
20160327-M-Miami_Masters-R32-Richard_Gasquet-Benoit_Paire,richard gasquet,benoit paire,richard gasquet
20160326-M-Miami_Masters-R64-Stanislas_Wawrinka-Andrey_Kuznetsov,stanislas wawrinka,andrey kuznetsov,andrey kuznetsov
20160326-M-Miami_Masters-R64-John_Millman-Pablo_Cuevas,john millman,pablo cuevas,pablo cuevas
20160324-M-Miami_Masters-R128-John_Millman-Pablo_Carreno_Busta,john millman,pablo carreno busta,john millman
20160320-M-Indian_Wells_Masters-F-Milos_Raonic-Novak_Djokovic,milos raonic,novak djokovic,novak djokovic
20160319-M-Indian_Wells_Masters-SF-Rafael_Nadal-Novak_Djokovic,rafael nadal,novak djokovic,novak djokovic
20160317-M-Indian_Wells_Masters-QF-Marin_Cilic-David_Goffin,marin cilic,david goffin,david goffin
20160316-M-Indian_Wells_Masters-R16-Jo_Wilfried_Tsonga-Dominic_Thiem,jo wilfried tsonga,dominic thiem,jo wilfried tsonga
20160316-M-Indian_Wells_Masters-R16-Gael_Monfils-Federico_Delbonis,gael monfils,federico delbonis,gael monfils
20160315-M-Indian_Wells_Masters-R32-Gilles_Simon-Alexander_Zverev,gilles simon,alexander zverev,alexander zverev
20160314-M-Indian_Wells_Masters-R32-Stanislas_Wawrinka-Andrey_Kuznetsov,stanislas wawrinka,andrey kuznetsov,stanislas wawrinka
20160312-M-Indian_Wells_Masters-R64-Stanislas_Wawrinka-Illya_Marchenko,stanislas wawrinka,illya marchenko,stanislas wawrinka
20160312-M-Indian_Wells_Masters-R64-Jeremy_Chardy-Andrey_Kuznetsov,jeremy chardy,andrey kuznetsov,andrey kuznetsov
20160310-M-Indian_Wells_Masters-R128-Pablo_Carreno_Busta-Evgeny_Donskoy,pablo carreno busta,evgeny donskoy,pablo carreno busta
20160304-M-Quimper_CH-QF-Paul_Henri_Mathieu-Igor_Sijsling,paul henri mathieu,igor sijsling,paul henri mathieu
20160227-M-Dubai-F-Stanislas_Wawrinka-Marcos_Baghdatis,stanislas wawrinka,marcos baghdatis,stanislas wawrinka
20160220-M-Marseille-QF-Stanislas_Wawrinka-Benoit_Paire,stanislas wawrinka,benoit paire,benoit paire
20160219-M-Marseille-QF-Richard_Gasquet-Nick_Kyrgios,richard gasquet,nick kyrgios,nick kyrgios
20160219-M-Marseille-QF-Marin_Cilic-Andrey_Kuznetsov,marin cilic,andrey kuznetsov,marin cilic
20160219-M-Delray_Beach-QF-Juan_Martin_Del_Potro-Jeremy_Chardy,juan martin del potro,jeremy chardy,juan martin del potro
20160216-M-Delray_Beach-R32-Juan_Martin_Del_Potro-Denis_Kudla,juan martin del potro,denis kudla,juan martin del potro
20160213-M-Memphis-SF-Taylor_Harry_Fritz-Ricardas_Berankis,taylor harry fritz,ricardas berankis,taylor harry fritz
20160211-M-Rotterdam-R16-Nicolas_Mahut-Jeremy_Chardy,nicolas mahut,jeremy chardy,nicolas mahut
20160208-M-Rotterdam-R32-Nicolas_Mahut-Teymuraz_Gabashvili,nicolas mahut,teymuraz gabashvili,nicolas mahut
20160205-M-Sofia-QF-Martin_Klizan-Andreas_Seppi,martin klizan,andreas seppi,martin klizan
20160204-M-Montpellier-R16-Gilles_Simon-Dustin_Brown,gilles simon,dustin brown,dustin brown
20160131-M-Australian_Open-F-Novak_Djokovic-Andy_Murray,novak djokovic,andy murray,novak djokovic
20160129-M-Australian_Open-SF-Andy_Murray-Milos_Raonic,andy murray,milos raonic,andy murray
20160128-M-Australian_Open-SF-Novak_Djokovic-Roger_Federer,novak djokovic,roger federer,novak djokovic
20160127-M-Australian_Open-QF-Milos_Raonic-Gael_Monfils,milos raonic,gael monfils,milos raonic
20160126-M-Australian_Open-QF-Novak_Djokovic-Kei_Nishikori,novak djokovic,kei nishikori,novak djokovic
20160125-M-Australian_Open-R16-Stanislas_Wawrinka-Milos_Raonic,stanislas wawrinka,milos raonic,milos raonic
20160124-M-Australian_Open-R16-Novak_Djokovic-Gilles_Simon,novak djokovic,gilles simon,novak djokovic
20160122-M-Australian_Open-R32-Gilles_Simon-Federico_Delbonis,gilles simon,federico delbonis,gilles simon
20160116-M-Sydney-SF-Viktor_Troicki-Teymuraz_Gabashvili,viktor troicki,teymuraz gabashvili,viktor troicki
20160116-M-Sydney-F-Viktor_Troicki-Grigor_Dimitrov,viktor troicki,grigor dimitrov,viktor troicki
20160116-M-Chennai-F-Stanislas_Wawrinka-Borna_Coric,stanislas wawrinka,borna coric,stanislas wawrinka
20160115-M-Chennai-SF-Borna_Coric-Aljaz_Bedene,borna coric,aljaz bedene,borna coric
20160114-M-Auckland-QF-Lukas_Rosol-David_Ferrer,lukas rosol,david ferrer,david ferrer
20160113-M-Auckland-R16-Kevin_Anderson-Robin_Haase,kevin anderson,robin haase,kevin anderson
20160110-M-Doha-F-Novak_Djokovic-Rafael_Nadal,novak djokovic,rafael nadal,novak djokovic
20160110-M-Brisbane-F-Roger_Federer-Milos_Raonic,roger federer,milos raonic,milos raonic
20160109-M-Doha-SF-Novak_Djokovic-Tomas_Berdych,novak djokovic,tomas berdych,novak djokovic
20160109-M-Brisbane-SF-Roger_Federer-Dominic_Thiem,roger federer,dominic thiem,roger federer
20160109-M-Brisbane-SF-Milos_Raonic-Bernard_Tomic,milos raonic,bernard tomic,milos raonic
20160108-M-Hopman_Cup-RR-Andy_Murray-Alexander_Zverev,andy murray,alexander zverev,andy murray
20160108-M-Doha-SF-Rafael_Nadal-Illya_Marchenko,rafael nadal,illya marchenko,rafael nadal
20160108-M-Brisbane-QF-Lucas_Pouille-Milos_Raonic,lucas pouille,milos raonic,milos raonic
20160107-M-Doha-QF-Tomas_Berdych-Kyle_Edmund,tomas berdych,kyle edmund,tomas berdych
20160107-M-Doha-QF-Illya_Marchenko-Jeremy_Chardy,illya marchenko,jeremy chardy,illya marchenko
20160106-M-Doha-R16-Rafael_Nadal-Robin_Haase,rafael nadal,robin haase,rafael nadal
20160104-M-Hopman_Cup-RR-Jack_Sock-Alexandr_Dolgopolov,jack sock,alexandr dolgopolov,alexandr dolgopolov
20160104-M-Doha-R32-Novak_Djokovic-Dustin_Brown,novak djokovic,dustin brown,novak djokovic
20151122-M-Tour_Finals-F-Roger_Federer-Novak_Djokovic,roger federer,novak djokovic,novak djokovic
20151121-M-Tour_Finals-SF-Roger_Federer-Stanislas_Wawrinka,roger federer,stanislas wawrinka,roger federer
20151121-M-Tour_Finals-SF-Novak_Djokovic-Rafael_Nadal,novak djokovic,rafael nadal,novak djokovic
20151119-M-Tour_Finals-RR-Roger_Federer-Kei_Nishikori,roger federer,kei nishikori,roger federer
20151119-M-Tour_Finals-RR-Novak_Djokovic-Tomas_Berdych,novak djokovic,tomas berdych,novak djokovic
20151119-M-Champaign_CH-QF-Taylor_Harry_Fritz-Malek_Jaziri,taylor harry fritz,malek jaziri,taylor harry fritz
20151118-M-Tour_Finals-RR-David_Ferrer-Stanislas_Wawrinka,david ferrer,stanislas wawrinka,stanislas wawrinka
20151117-M-Tour_Finals-RR-Roger_Federer-Novak_Djokovic,roger federer,novak djokovic,roger federer
20151116-M-Tour_Finals-RR-Rafael_Nadal-Stanislas_Wawrinka,rafael nadal,stanislas wawrinka,rafael nadal
20151116-M-Tour_Finals-RR-Andy_Murray-David_Ferrer,andy murray,david ferrer,andy murray
20151116-M-Brescia_CH-QF-Igor_Sijsling-Farrukh_Dustov,igor sijsling,farrukh dustov,igor sijsling
20151115-M-Tour_Finals-RR-Tomas_Berdych-Roger_Federer,tomas berdych,roger federer,roger federer
20151115-M-Tour_Finals-RR-Novak_Djokovic-Kei_Nishikori,novak djokovic,kei nishikori,novak djokovic
20151109-M-Mouilleron_Le_Captif_CH-QF-Lucas_Pouille-Sergiy_Stakhovsky,lucas pouille,sergiy stakhovsky,lucas pouille
20151108-M-Paris-F-Andy_Murray-Novak_Djokovic,andy murray,novak djokovic,novak djokovic
20151107-M-Paris-SF-Novak_Djokovic-Stanislas_Wawrinka,novak djokovic,stanislas wawrinka,novak djokovic
20151107-M-Paris-SF-David_Ferrer-Andy_Murray,david ferrer,andy murray,andy murray
20151106-M-Paris-QF-Tomas_Berdych-Novak_Djokovic,tomas berdych,novak djokovic,novak djokovic
20151105-M-Paris-R32-Novak_Djokovic-Thomaz_Bellucci,novak djokovic,thomaz bellucci,novak djokovic
20151105-M-Paris-R16-Tomas_Berdych-Jo_Wilfried_Tsonga,tomas berdych,jo wilfried tsonga,tomas berdych
20151105-M-Paris-R16-Stanislas_Wawrinka-Viktor_Troicki,stanislas wawrinka,viktor troicki,stanislas wawrinka
20151105-M-Paris-R16-Rafael_Nadal-Kevin_Anderson,rafael nadal,kevin anderson,rafael nadal
20151105-M-Paris-R16-Novak_Djokovic-Gilles_Simon,novak djokovic,gilles simon,novak djokovic
20151105-M-Paris-R16-John_Isner-Roger_Federer,john isner,roger federer,john isner
20151105-M-Paris-R16-Andy_Murray-David_Goffin,andy murray,david goffin,andy murray
20151104-M-Paris-R32-Roberto_Bautista_Agut-Jo_Wilfried_Tsonga,roberto bautista agut,jo wilfried tsonga,jo wilfried tsonga
20151104-M-Paris-R32-John_Isner-Aljaz_Bedene,john isner,aljaz bedene,john isner
20151104-M-Paris-R32-Andy_Murray-Borna_Coric,andy murray,borna coric,andy murray
20151104-M-Paris-R32-Andreas_Seppi-Roger_Federer,andreas seppi,roger federer,roger federer
20151103-M-Paris-R64-Viktor_Troicki-Jack_Sock,viktor troicki,jack sock,viktor troicki
20151103-M-Paris-R64-Lucas_Pouille-Jeremy_Chardy,lucas pouille,jeremy chardy,jeremy chardy
20151103-M-Paris-R32-Edouard_Roger_Vasselin-Ivo_Karlovic,edouard roger vasselin,ivo karlovic,edouard roger vasselin
20151102-M-Paris-R64-Teymuraz_Gabashvili-Thomaz_Bellucci,teymuraz gabashvili,thomaz bellucci,thomaz bellucci
20151102-M-Paris-R64-Martin_Klizan-Leonardo_Mayer,martin klizan,leonardo mayer,leonardo mayer
20151102-M-Paris-R64-Borna_Coric-Fernando_Verdasco,borna coric,fernando verdasco,borna coric
20151102-M-Paris-R64-Benoit_Paire-Gael_Monfils,benoit paire,gael monfils,benoit paire
20151102-M-Paris-R64-Aljaz_Bedene-Marcel_Granollers,aljaz bedene,marcel granollers,aljaz bedene
20151102-M-Paris-R64-Adrian_Mannarino-Dominic_Thiem,adrian mannarino,dominic thiem,dominic thiem
20151101-M-Valencia-F-Roberto_Bautista_Agut-Joao_Sousa,roberto bautista agut,joao sousa,joao sousa
20151101-M-Basel-F-Rafael_Nadal-Roger_Federer,rafael nadal,roger federer,roger federer
20151031-M-Valencia-SF-Vasek_Pospisil-Joao_Sousa,vasek pospisil,joao sousa,joao sousa
20151031-M-Valencia-SF-Roberto_Bautista_Agut-Steve_Johnson,roberto bautista agut,steve johnson,roberto bautista agut
20151031-M-Basel-SF-Roger_Federer-Jack_Sock,roger federer,jack sock,roger federer
20151031-M-Basel-SF-Rafael_Nadal-Richard_Gasquet,rafael nadal,richard gasquet,rafael nadal
20151030-M-Valencia-QF-Steve_Johnson-Guillermo_Garcia_Lopez,steve johnson,guillermo garcia lopez,steve johnson
20151030-M-Valencia-QF-Joao_Sousa-Pablo_Cuevas,joao sousa,pablo cuevas,joao sousa
20151030-M-Valencia-QF-Joao_Sousa-Pablo_Cuevas,joao sousa,pablo cuevas,joao sousa
20151030-M-Basel-QF-Roger_Federer-David_Goffin,roger federer,david goffin,roger federer
20151030-M-Basel-QF-Donald_Young-Jack_Sock,donald young,jack sock,jack sock
20151029-M-Basel-R16-Rafael_Nadal-Grigor_Dimitrov,rafael nadal,grigor dimitrov,rafael nadal
20151029-M-Basel-R16-Philipp_Kohlschreiber-Roger_Federer,philipp kohlschreiber,roger federer,roger federer
20151027-M-Basel-R32-John_Isner-Ernests_Gulbis,john isner,ernests gulbis,john isner
20151027-M-Basel-R32-Grigor_Dimitrov-Sergiy_Stakhovsky,grigor dimitrov,sergiy stakhovsky,grigor dimitrov
20151025-M-Vienna-F-Steve_Johnson-David_Ferrer,steve johnson,david ferrer,david ferrer
20151025-M-Stockholm-F-Tomas_Berdych-Jack_Sock,tomas berdych,jack sock,tomas berdych
20151024-M-Vienna-SF-Steve_Johnson-Ernests_Gulbis,steve johnson,ernests gulbis,steve johnson
20151024-M-Stockholm-SF-Richard_Gasquet-Jack_Sock,richard gasquet,jack sock,jack sock
20151023-M-Vienna-QF-Gael_Monfils-Lukas_Rosol,gael monfils,lukas rosol,gael monfils
20151023-M-Stockholm-QF-Richard_Gasquet-Jeremy_Chardy,richard gasquet,jeremy chardy,richard gasquet
20151023-M-Stockholm-QF-Jack_Sock-Gilles_Simon,jack sock,gilles simon,jack sock
20151023-M-Stockholm-QF-Gilles_Muller-Marcos_Baghdatis,gilles muller,marcos baghdatis,marcos baghdatis
20151022-M-Vienna-R16-Jo_Wilfried_Tsonga-Lukas_Rosol,jo wilfried tsonga,lukas rosol,lukas rosol
20151022-M-Stockholm-R16-Jeremy_Chardy-Federico_Delbonis,jeremy chardy,federico delbonis,jeremy chardy
20151021-M-Vienna-R16-Sergiy_Stakhovsky-Ivo_Karlovic,sergiy stakhovsky,ivo karlovic,ivo karlovic
20151021-M-Stockholm-R16-Leonardo_Mayer-Gilles_Simon,leonardo mayer,gilles simon,gilles simon
20151020-M-Stockholm-R32-Sam_Querrey-Marcos_Baghdatis,sam querrey,marcos baghdatis,marcos baghdatis
20151018-M-Shanghai_Masters-F-Jo_Wilfried_Tsonga-Novak_Djokovic,jo wilfried tsonga,novak djokovic,novak djokovic
20151017-M-Shanghai_Masters-SF-Andy_Murray-Novak_Djokovic,andy murray,novak djokovic,novak djokovic
20151017-M-Ho_Chi_Minh_City_CH-SF-Flavio_Cipolla-Jordan_Thompson,flavio cipolla,jordan thompson,jordan thompson
20151017-M-Fairfield_CH-SF-Francis_Tiafoe-Dustin_Brown,francis tiafoe,dustin brown,dustin brown
20151016-M-Shanghai_Masters-QF-Tomas_Berdych-Andy_Murray,tomas berdych,andy murray,andy murray
20151016-M-Shanghai_Masters-QF-Rafael_Nadal-Stanislas_Wawrinka,rafael nadal,stanislas wawrinka,rafael nadal
20151016-M-Shanghai_Masters-QF-Novak_Djokovic-Bernard_Tomic,novak djokovic,bernard tomic,novak djokovic
20151015-M-Shanghai_Masters-R16-Novak_Djokovic-Feliciano_Lopez,novak djokovic,feliciano lopez,novak djokovic
20151014-M-Shanghai_Masters-R32-Viktor_Troicki-Stanislas_Wawrinka,viktor troicki,stanislas wawrinka,stanislas wawrinka
20151014-M-Shanghai_Masters-R32-Novak_Djokovic-Martin_Klizan,novak djokovic,martin klizan,novak djokovic
20151014-M-Shanghai_Masters-R32-David_Ferrer-Bernard_Tomic,david ferrer,bernard tomic,bernard tomic
20151013-M-Shanghai_Masters-R64-Milos_Raonic-Thomaz_Bellucci,milos raonic,thomaz bellucci,milos raonic
20151011-M-Tokyo-F-Stanislas_Wawrinka-Benoit_Paire,stanislas wawrinka,benoit paire,stanislas wawrinka
20151011-M-Sacramento_CH-F-Jared_Donaldson-Taylor_Harry_Fritz,jared donaldson,taylor harry fritz,taylor harry fritz
20151011-M-Beijing-F-Rafael_Nadal-Novak_Djokovic,rafael nadal,novak djokovic,novak djokovic
20151010-M-Tokyo-SF-Kei_Nishikori-Benoit_Paire,kei nishikori,benoit paire,benoit paire
20151010-M-Tokyo-SF-Gilles_Muller-Stanislas_Wawrinka,gilles muller,stanislas wawrinka,stanislas wawrinka
20151010-M-Beijing-SF-David_Ferrer-Novak_Djokovic,david ferrer,novak djokovic,novak djokovic
20151009-M-Tokyo-QF-Nick_Kyrgios-Benoit_Paire,nick kyrgios,benoit paire,benoit paire
20151009-M-Beijing-QF-John_Isner-Novak_Djokovic,john isner,novak djokovic,novak djokovic
20151008-M-Tokyo-R16-Roberto_Bautista_Agut-Nick_Kyrgios,roberto bautista agut,nick kyrgios,nick kyrgios
20151008-M-Beijing-R16-Pablo_Cuevas-Ivo_Karlovic,pablo cuevas,ivo karlovic,pablo cuevas
20151008-M-Beijing-R16-David_Goffin-Fabio_Fognini,david goffin,fabio fognini,fabio fognini
20151007-M-Beijing-R16-Viktor_Troicki-Yen_Hsun_Lu,viktor troicki,yen hsun lu,yen hsun lu
20151005-M-Tokyo-R32-Kei_Nishikori-Borna_Coric,kei nishikori,borna coric,kei nishikori
20151005-M-Beijing-R32-David_Goffin-Andreas_Seppi,david goffin,andreas seppi,david goffin
20151004-M-Kuala_Lumpur-F-David_Ferrer-Feliciano_Lopez,david ferrer,feliciano lopez,david ferrer
20151003-M-Kuala_Lumpur-SF-Feliciano_Lopez-Nick_Kyrgios,feliciano lopez,nick kyrgios,feliciano lopez
20151002-M-Shenzhen-QF-Marin_Cilic-Hyeon_Chung,marin cilic,hyeon chung,marin cilic
20151001-M-Shenzhen-R16-John_Millman-Marin_Cilic,john millman,marin cilic,marin cilic
20150926-M-Metz-SF-Martin_Klizan-Gilles_Simon,martin klizan,gilles simon,gilles simon
20150925-M-Metz-QF-Gilles_Muller-Gilles_Simon,gilles muller,gilles simon,gilles simon
20150922-M-Metz-R32-Paul_Henri_Mathieu-Martin_Klizan,paul henri mathieu,martin klizan,martin klizan
20150919-M-Davis_Cup_World_Group_PO-RR-Philipp_Kohlschreiber-Victor_Estrella,philipp kohlschreiber,victor estrella,philipp kohlschreiber
20150913-M-US_Open-F-Roger_Federer-Novak_Djokovic,roger federer,novak djokovic,novak djokovic
20150911-M-US_Open-SF-Stanislas_Wawrinka-Roger_Federer,stanislas wawrinka,roger federer,roger federer
20150911-M-US_Open-SF-Novak_Djokovic-Marin_Cilic,novak djokovic,marin cilic,novak djokovic
20150910-M-US_Open-QF-Roger_Federer-Richard_Gasquet,roger federer,richard gasquet,roger federer
20150909-M-US_Open-QF-Novak_Djokovic-Feliciano_Lopez,novak djokovic,feliciano lopez,novak djokovic
20150908-M-US_Open-R16-Roger_Federer-John_Isner,roger federer,john isner,roger federer
20150907-M-US_Open-R16-Andy_Murray-Kevin_Anderson,andy murray,kevin anderson,kevin anderson
20150906-M-US_Open-R16-Novak_Djokovic-Roberto_Bautista_Agut,novak djokovic,roberto bautista agut,novak djokovic
20150905-M-US_Open-R32-Roger_Federer-Philipp_Kohlschreiber,roger federer,philipp kohlschreiber,roger federer
20150904-M-US_Open-R32-Rafael_Nadal-Fabio_Fognini,rafael nadal,fabio fognini,fabio fognini
20150903-M-US_Open-R64-Bernard_Tomic-Lleyton_Hewitt,bernard tomic,lleyton hewitt,bernard tomic
20150902-M-US_Open-R64-Rafael_Nadal-Diego_Sebastian_Schwartzman,rafael nadal,diego sebastian schwartzman,rafael nadal
20150902-M-US_Open-R64-Fernando_Verdasco-Milos_Raonic,fernando verdasco,milos raonic,milos raonic
20150901-M-US_Open-R128-Roger_Federer-Leonardo_Mayer,roger federer,leonardo mayer,roger federer
20150831-M-US_Open-R128-Tim_Smyczek-Milos_Raonic,tim smyczek,milos raonic,milos raonic
20150827-M-Winston_Salem-QF-Malek_Jaziri-Thomaz_Bellucci,malek jaziri,thomaz bellucci,malek jaziri
20150823-M-Cincinnati-F-Novak_Djokovic-Roger_Federer,novak djokovic,roger federer,roger federer
20150822-M-Cincinnati-SF-Novak_Djokovic-Alexandr_Dolgopolov,novak djokovic,alexandr dolgopolov,novak djokovic
20150822-M-Cincinnati-SF-Andy_Murray-Roger_Federer,andy murray,roger federer,roger federer
20150822-M-Cincinnati-QF-Roger_Federer-Feliciano_Lopez,roger federer,feliciano lopez,roger federer
20150816-M-Montreal-SF-Andy_Murray-Kei_Nishikori,andy murray,kei nishikori,andy murray
20150816-M-Montreal-F-Andy_Murray-Novak_Djokovic,andy murray,novak djokovic,andy murray
20150814-M-Montreal-QF-Novak_Djokovic-Ernests_Gulbis,novak djokovic,ernests gulbis,novak djokovic
20150813-M-Montreal-R16-Novak_Djokovic-Jack_Sock,novak djokovic,jack sock,novak djokovic
20150811-M-Canada_Masters-R32-Novak_Djokovic-Thomaz_Bellucci,novak djokovic,thomaz bellucci,novak djokovic
20150806-M-Washington-R32-Alexandr_Dolgopolov-Ivo_Karlovic,alexandr dolgopolov,ivo karlovic,alexandr dolgopolov
20150806-M-Washington-R16-Teymuraz_Gabashvili-Ricardas_Berankis,teymuraz gabashvili,ricardas berankis,ricardas berankis
20150806-M-Washington-R16-Steve_Johnson-Grigor_Dimitrov,steve johnson,grigor dimitrov,steve johnson
20150805-M-Washington-R32-Steve_Johnson-Bernard_Tomic,steve johnson,bernard tomic,steve johnson
20150804-M-Washington-R32-Vasek_Pospisil-Donald_Young,vasek pospisil,donald young,vasek pospisil
20150728-M-Bogota-QF-Malek_Jaziri-Adrian_Mannarino,malek jaziri,adrian mannarino,adrian mannarino
20150726-M-Bogota-F-Bernard_Tomic-Adrian_Mannarino,bernard tomic,adrian mannarino,bernard tomic
20150725-M-Bogota-SF-Michael_Berrer-Bernard_Tomic,michael berrer,bernard tomic,bernard tomic
20150405-M-Miami_Masters-F-Novak_Djokovic-Andy_Murray,novak djokovic,andy murray,novak djokovic
20150401-M-Miami_Masters-QF-Dominic_Thiem-Andy_Murray,dominic thiem,andy murray,andy murray
20150330-M-Miami_Masters-R32-Viktor_Troicki-Kei_Nishikori,viktor troicki,kei nishikori,kei nishikori
20150330-M-Miami_Masters-R32-Jerzy_Janowicz-David_Goffin,jerzy janowicz,david goffin,david goffin
20150329-M-Miami_Masters-R32-Leonardo_Mayer-Kevin_Anderson,leonardo mayer,kevin anderson,kevin anderson
20150328-M-Miami_Masters-R64-Tim_Smyczek-Jo_Wilfried_Tsonga,tim smyczek,jo wilfried tsonga,jo wilfried tsonga
20150325-M-Miami_Masters-R64-Vasek_Pospisil-Juan_Martin_Del_Potro,vasek pospisil,juan martin del potro,vasek pospisil
20150325-M-Miami_Masters-R128-Diego_Sebastian_Schwartzman-Dominic_Thiem,diego sebastian schwartzman,dominic thiem,dominic thiem
20150321-M-Irving_CH-SF-Gilles_Muller-Tim_Smyczek,gilles muller,tim smyczek,tim smyczek
20150321-M-Indian_Wells_Masters-SF-Milos_Raonic-Roger_Federer,milos raonic,roger federer,roger federer
20150321-M-Indian_Wells_Masters-QF-Milos_Raonic-Rafael_Nadal,milos raonic,rafael nadal,milos raonic
20150320-M-Indian_Wells_Masters-QF-Tomas_Berdych-Roger_Federer,tomas berdych,roger federer,roger federer
20150318-M-Indian_Wells_Masters-R16-Milos_Raonic-Tommy_Robredo,milos raonic,tommy robredo,milos raonic
20150318-M-Indian_Wells_Masters-R16-Feliciano_Lopez-Kei_Nishikori,feliciano lopez,kei nishikori,feliciano lopez
20150318-M-Indian_Wells_Masters-QF-Andy_Murray-Feliciano_Lopez,andy murray,feliciano lopez,andy murray
20150318-M-Indian_Wells-R16-Roger_Federer-Jack_Sock,roger federer,jack sock,roger federer
20150316-M-Indian_Wells_Masters-R32-Feliciano_Lopez-Pablo_Cuevas,feliciano lopez,pablo cuevas,feliciano lopez
20150316-M-Indian_Wells_Masters-R32-Ernests_Gulbis-Adrian_Mannarino,ernests gulbis,adrian mannarino,adrian mannarino
20150316-M-Indian_Wells_Masters-R32-David_Ferrer-Bernard_Tomic,david ferrer,bernard tomic,bernard tomic
20150315-M-Indian_Wells_Masters-R64-Diego_Sebastian_Schwartzman-Roger_Federer,diego sebastian schwartzman,roger federer,roger federer
20150314-M-Indian_Wells_Masters-R64-Donald_Young-Jeremy_Chardy,donald young,jeremy chardy,donald young
20150313-M-Indian_Wells_Masters-R128-Sam_Querrey-Sergiy_Stakhovsky,sam querrey,sergiy stakhovsky,sergiy stakhovsky
20150313-M-Indian_Wells_Masters-R128-Diego_Sebastian_Schwartzman-Jerzy_Janowicz,diego sebastian schwartzman,jerzy janowicz,diego sebastian schwartzman
20150313-M-Indian_Wells_Masters-R128-Denis_Kudla-Nick_Kyrgios,denis kudla,nick kyrgios,nick kyrgios
20150228-M-Dubai-F-Roger_Federer-Novak_Djokovic,roger federer,novak djokovic,roger federer
20150227-M-Dubai-SF-Roger_Federer-Borna_Coric,roger federer,borna coric,roger federer
20150227-M-Acapulco-SF-Kevin_Anderson-Kei_Nishikori,kevin anderson,kei nishikori,kei nishikori
20150226-M-Dubai-QF-Andy_Murray-Borna_Coric,andy murray,borna coric,borna coric
20150226-M-Acapulco-QF-Viktor_Troicki-Kevin_Anderson,viktor troicki,kevin anderson,kevin anderson
20150225-M-Dubai-R16-Fernando_Verdasco-Roger_Federer,fernando verdasco,roger federer,roger federer
20150221-M-Marseille-SF-Sergiy_Stakhovsky-Gilles_Simon,sergiy stakhovsky,gilles simon,gilles simon
20150221-M-Marseille-SF-Roberto_Bautista_Agut-Gael_Monfils,roberto bautista agut,gael monfils,gael monfils
20150220-M-Delray_Beach-QF-Steve_Johnson-Ivo_Karlovic,steve johnson,ivo karlovic,ivo karlovic
20150220-M-Delray_Beach-QF-Adrian_Mannarino-Yen_Hsun_Lu,adrian mannarino,yen hsun lu,adrian mannarino
20150217-M-Marseille-R32-Alexander_Zverev-Gael_Monfils,alexander zverev,gael monfils,gael monfils
20150215-M-Rotterdam-F-Stanislas_Wawrinka-Tomas_Berdych,stanislas wawrinka,tomas berdych,stanislas wawrinka
20150212-M-Rotterdam-R16-Jeremy_Chardy-Gilles_Simon,jeremy chardy,gilles simon,gilles simon
20150211-M-Rotterdam-R16-Sergiy_Stakhovsky-Dominic_Thiem,sergiy stakhovsky,dominic thiem,sergiy stakhovsky
20150211-M-Rotterdam-R16-Grigor_Dimitrov-Gilles_Muller,grigor dimitrov,gilles muller,gilles muller
20150210-M-Rotterdam-R32-Vasek_Pospisil-Philipp_Kohlschreiber,vasek pospisil,philipp kohlschreiber,vasek pospisil
20150210-M-Rotterdam-R32-Andrey_Kuznetsov-Milos_Raonic,andrey kuznetsov,milos raonic,milos raonic
20150209-M-Rotterdam-R32-Roberto_Bautista_Agut-Alexander_Zverev,roberto bautista agut,alexander zverev,roberto bautista agut
20150209-M-Rotterdam-R32-Grigor_Dimitrov-Paul_Henri_Mathieu,grigor dimitrov,paul henri mathieu,grigor dimitrov
20150208-M-Zagreb-F-Andreas_Seppi-Guillermo_Garcia_Lopez,andreas seppi,guillermo garcia lopez,guillermo garcia lopez
20150208-M-Quito-F-Feliciano_Lopez-Victor_Estrella,feliciano lopez,victor estrella,victor estrella
20150207-M-Zagreb-SF-Marcos_Baghdatis-Guillermo_Garcia_Lopez,marcos baghdatis,guillermo garcia lopez,guillermo garcia lopez
20150207-M-Montpellier-SF-Richard_Gasquet-Gael_Monfils,richard gasquet,gael monfils,richard gasquet
20150206-M-Montpellier-QF-Joao_Sousa-Philipp_Kohlschreiber,joao sousa,philipp kohlschreiber,joao sousa
20150206-M-Montpellier-QF-Gilles_Simon-Jerzy_Janowicz,gilles simon,jerzy janowicz,jerzy janowicz
20150201-M-Australian_Open-F-Novak_Djokovic-Andy_Murray,novak djokovic,andy murray,novak djokovic
20150130-M-Australian_Open-SF-Novak_Djokovic-Stanislas_Wawrinka,novak djokovic,stanislas wawrinka,novak djokovic
20150127-M-Australian_Open-QF-Tomas_Berdych-Rafael_Nadal,tomas berdych,rafael nadal,tomas berdych
20150127-M-Australian_Open-QF-Stanislas_Wawrinka_-Kei_Nishikori,stanislas wawrinka,kei nishikori,stanislas wawrinka
20150117-M-Auckland-F-Jiri_Vesely-Adrian_Mannarino,jiri vesely,adrian mannarino,jiri vesely
20150116-M-Auckland-SF-Kevin_Anderson-Jiri_Vesely,kevin anderson,jiri vesely,jiri vesely
20150114-M-Sydney-QF-Gilles_Muller-Bernard_Tomic,gilles muller,bernard tomic,gilles muller
20150114-M-Auckland-R16-Ernests_Gulbis-Jiri_Vesely,ernests gulbis,jiri vesely,jiri vesely
20150111-M-Chennai-F-Stanislas_Wawrinka-Aljaz_Bedene,stanislas wawrinka,aljaz bedene,stanislas wawrinka
20150106-M-Doha-R16-Tomas_Berdych-Blaz_Kavcic,tomas berdych,blaz kavcic,tomas berdych
20150105-M-Doha-R32-Rafael_Nadal-Michael_Berrer,rafael nadal,michael berrer,michael berrer
20141115-M-London-SF-Roger_Federer-Stanislas_Wawrinka,roger federer,stanislas wawrinka,roger federer
20141114-M-Tour_Finals-RR-Tomas_Berdych-Novak_Djokovic,tomas berdych,novak djokovic,novak djokovic
20141114-M-London-RR-Stanislas_Wawrinka-Marin_Cilic,stanislas wawrinka,marin cilic,stanislas wawrinka
20141113-M-London-RR-Roger_Federer-Andy_Murray,roger federer,andy murray,roger federer
20141112-M-London-RR-Marin_Cilic-Tomas_Berdych,marin cilic,tomas berdych,tomas berdych
20141111-M-London-RR-Andy_Murray-Milos_Raonic,andy murray,milos raonic,andy murray
20141110-M-London-RR-Marin_Cilic-Novak_Djokovic,marin cilic,novak djokovic,novak djokovic
20141109-M-London-RR-Roger_Federer-Milos_Raonic,roger federer,milos raonic,roger federer
20141109-M-London-RR-Kei_Nishikori-Andy_Murray,kei nishikori,andy murray,kei nishikori
20141101-M-Paris_Masters-F-Novak_Djokovic-Milos_Raonic,novak djokovic,milos raonic,novak djokovic
20141030-M-Paris_Masters-R16-Novak_Djokovic-Gael_Monfils,novak djokovic,gael monfils,novak djokovic
20141030-M-Paris_Masters-R16-Jo_Wilfried_Tsonga-Kei_Nishikori,jo wilfried tsonga,kei nishikori,kei nishikori
20141029-M-Paris_Masters-R32-Stanislas_Wawrinka-Dominic_Thiem,stanislas wawrinka,dominic thiem,stanislas wawrinka
20141029-M-Paris_Masters-R32-Lucas_Pouille-Fabio_Fognini,lucas pouille,fabio fognini,lucas pouille
20141028-M-Paris_Masters-R64-Vasek_Pospisil-Tommy_Robredo,vasek pospisil,tommy robredo,tommy robredo
20141026-M-Basel-F-David_Goffin-Roger_Federer,david goffin,roger federer,roger federer
20141025-M-Valencia-SF-David_Ferrer-Andy_Murray,david ferrer,andy murray,andy murray
20141024-M-Basel-QF-Grigor_Dimitrov-Roger_Federer,grigor dimitrov,roger federer,roger federer
20141022-M-Basel-R32-Ernests_Gulbis-Borna_Coric,ernests gulbis,borna coric,borna coric
20141020-M-Basel-R32-Dominic_Thiem-David_Goffin,dominic thiem,david goffin,david goffin
20141019-M-Moscow-F-Roberto_Bautista_Agut-Marin_Cilic,roberto bautista agut,marin cilic,marin cilic
20141018-M-Vienna-SF-Viktor_Troicki-Andy_Murray,viktor troicki,andy murray,andy murray
20141016-M-Moscow-R16-Milos_Raonic-Ricardas_Berankis,milos raonic,ricardas berankis,ricardas berankis
20141014-M-Stockholm-R32-Donald_Young-Leonardo_Mayer,donald young,leonardo mayer,leonardo mayer
20141011-M-Shanghai_Masters-F-Roger_Federer-Gilles_Simon,roger federer,gilles simon,roger federer
20141010-M-Shanghai_Masters-SF-Novak_Djokovic-Roger_Federer,novak djokovic,roger federer,roger federer
20141005-M-Beijing-F-Tomas_Berdych-Novak_Djokovic,tomas berdych,novak djokovic,novak djokovic
20140928-M-Shenzhen-F-Andy_Murray-Tommy_Robredo,andy murray,tommy robredo,andy murray
20140918-M-Metz-R16-Jo_Wilfried_Tsonga-Gilles_Muller,jo wilfried tsonga,gilles muller,jo wilfried tsonga
20140914-M-Davis_Cup_World_Group_SF-RR-Roger_Federer-Fabio_Fognini,roger federer,fabio fognini,roger federer
20140908-M-US_Open-F-Marin_Cilic-Kei_Nishikori,marin cilic,kei nishikori,marin cilic
20140906-M-US_Open-SF-Marin_Cilic-Roger_Federer,marin cilic,roger federer,marin cilic
20140810-M-Canada_Masters-F-Jo_Wilfried_Tsonga-Roger_Federer,jo wilfried tsonga,roger federer,jo wilfried tsonga
20140807-M-Canada_Masters-R16-Novak_Djokovic-Jo_Wilfried_Tsonga,novak djokovic,jo wilfried tsonga,jo wilfried tsonga
20140805-M-Canada_Masters-R32-Peter_Polansky-Roger_Federer,peter polansky,roger federer,roger federer
20140804-M-Canada_Masters-R64-Peter_Polansky-Jerzy_Janowicz,peter polansky,jerzy janowicz,peter polansky
20140803-M-Washington-F-Vasek_Pospisil-Milos_Raonic,vasek pospisil,milos raonic,milos raonic
20140802-M-Washington-SF-Richard_Gasquet-Vasek_Pospisil,richard gasquet,vasek pospisil,vasek pospisil
20140728-M-Washington-R64-Francis_Tiafoe-Evgeny_Donskoy,francis tiafoe,evgeny donskoy,evgeny donskoy
20140725-M-Atlanta-QF-John_Isner-Marinko_Matosevic,john isner,marinko matosevic,john isner
20140720-M-Bogota-F-Bernard_Tomic-Ivo_Karlovic,bernard tomic,ivo karlovic,bernard tomic
20140719-M-Bogota-SF-Bernard_Tomic-Victor_Estrella,bernard tomic,victor estrella,bernard tomic
20140713-M-Portoroz_CH-F-Gilles_Muller-Blaz_Kavcic,gilles muller,blaz kavcic,blaz kavcic
20140630-M-Winnetka_CH-F-Farrukh_Dustov-Denis_Kudla,farrukh dustov,denis kudla,denis kudla
20140330-M-Miami_Masters-F-Novak_Djokovic-Rafael_Nadal,novak djokovic,rafael nadal,novak djokovic
20140327-M-Miami_Masters-QF-Milos_Raonic-Rafael_Nadal,milos raonic,rafael nadal,rafael nadal
20140326-M-Miami_Masters-QF-Roger_Federer-Kei_Nishikori,roger federer,kei nishikori,kei nishikori
20140325-M-Miami_Masters-R16-Jo_Wilfried_Tsonga-Andy_Murray,jo wilfried tsonga,andy murray,andy murray
20140325-M-Miami_Masters-R16-Fabio_Fognini-Rafael_Nadal,fabio fognini,rafael nadal,rafael nadal
20140324-M-Miami_Masters-R32-Denis_Istomin-Rafael_Nadal,denis istomin,rafael nadal,rafael nadal
20140322-M-Miami_Masters-R64-Lleyton_Hewitt-Rafael_Nadal,lleyton hewitt,rafael nadal,rafael nadal
20140322-M-Miami_Masters-R64-Donald_Young-John_Isner,donald young,john isner,john isner
20140321-M-Miami_Masters-R64-Adrian_Mannarino-Jo_Wilfried_Tsonga,adrian mannarino,jo wilfried tsonga,jo wilfried tsonga
20140320-M-Miami_Masters-R128-Pablo_Carreno_Busta-Joao_Sousa,pablo carreno busta,joao sousa,joao sousa
20140316-M-Indian_Wells_Masters-F-Roger_Federer-Novak_Djokovic,roger federer,novak djokovic,novak djokovic
20140315-M-Indian_Wells_Masters-SF-John_Isner-Novak_Djokovic,john isner,novak djokovic,novak djokovic
20140312-M-Indian_Wells_Masters-R16-Tommy_Haas-Roger_Federer,tommy haas,roger federer,roger federer
20140311-M-Indian_Wells_Masters-R32-Julien_Benneteau-Dominic_Thiem,julien benneteau,dominic thiem,julien benneteau
20140310-M-Indian_Wells_Masters-R32-Jiri_Vesely-Andy_Murray,jiri vesely,andy murray,andy murray
20140310-M-Indian_Wells_Masters-R32-Alexandr_Dolgopolov-Rafael_Nadal,alexandr dolgopolov,rafael nadal,alexandr dolgopolov
20140308-M-Indian_Wells_Masters-R64-Stanislas_Wawrinka-Ivo_Karlovic,stanislas wawrinka,ivo karlovic,stanislas wawrinka
20140301-M-Dubai-F-Tomas_Berdych-Roger_Federer,tomas berdych,roger federer,roger federer
20140228-M-Dubai-SF-Novak_Djokovic-Roger_Federer,novak djokovic,roger federer,roger federer
20140210-M-Rotterdam-R32-Tomas_Berdych-Andreas_Seppi,tomas berdych,andreas seppi,tomas berdych
20140126-M-Australian_Open-F-Stanislas_Wawrinka-Rafael_Nadal,stanislas wawrinka,rafael nadal,stanislas wawrinka
20140124-M-Australian_Open-SF-Roger_Federer-Rafael_Nadal,roger federer,rafael nadal,rafael nadal
20140122-M-Australian_Open-QF-Roger_Federer-Andy_Murray,roger federer,andy murray,roger federer
20140122-M-Australian_Open-QF-Novak_Djokovic-Stanislas_Wawrinka_,novak djokovic,stanislas wawrinka,stanislas wawrinka
20140122-M-Australian_Open-QF-Grigor_Dimitrov-Rafael_Nadal,grigor dimitrov,rafael nadal,rafael nadal
20140120-M-Australian_Open-R16-Roger_Federer-Jo_Wilfried_Tsonga,roger federer,jo wilfried tsonga,roger federer
20140120-M-Australian_Open-R16-Kei_Nishikori-Rafael_Nadal,kei nishikori,rafael nadal,rafael nadal
20140118-M-Australian_Open-R32-Gael_Monfils-Rafael_Nadal,gael monfils,rafael nadal,rafael nadal
20140113-M-Australian_Open-R128-Bernard_Tomic-Rafael_Nadal,bernard tomic,rafael nadal,rafael nadal
20140111-M-Sydney-F-Bernard_Tomic-Juan_Martin_Del_Potro,bernard tomic,juan martin del potro,juan martin del potro
20140110-M-Auckland-SF-David_Ferrer-Yen_Hsun_Lu,david ferrer,yen hsun lu,yen hsun lu
20140109-M-Sydney-QF-Marinko_Matosevic-Sergiy_Stakhovsky,marinko matosevic,sergiy stakhovsky,sergiy stakhovsky
20140109-M-Auckland-QF-Roberto_Bautista_Agut-Jack_Sock,roberto bautista agut,jack sock,roberto bautista agut
20140108-M-Auckland-R16-Tommy_Haas-Jack_Sock,tommy haas,jack sock,jack sock
20140106-M-Sydney-R32-Bernard_Tomic-Marcel_Granollers,bernard tomic,marcel granollers,bernard tomic
20140105-M-Brisbane-F-Roger_Federer-Lleyton_Hewitt,roger federer,lleyton hewitt,lleyton hewitt
20140104-M-Doha-F-Rafael_Nadal-Gael_Monfils,rafael nadal,gael monfils,rafael nadal
20140104-M-Chennai-SF-Edouard_Roger_Vasselin-Marcel_Granollers,edouard roger vasselin,marcel granollers,edouard roger vasselin
20140104-M-Brisbane-SF-Lleyton_Hewitt-Kei_Nishikori,lleyton hewitt,kei nishikori,lleyton hewitt
20140103-M-Chennai-QF-Aljaz_Bedene-Stanislas_Wawrinka,aljaz bedene,stanislas wawrinka,stanislas wawrinka
20140102-M-Doha-QF-Ernests_Gulbis-Rafael_Nadal,ernests gulbis,rafael nadal,rafael nadal
20140102-M-Brisbane-R16-Lleyton_Hewitt-Feliciano_Lopez,lleyton hewitt,feliciano lopez,lleyton hewitt
20140102-M-Brisbane-QF-Roger_Federer-Marinko_Matosevic,roger federer,marinko matosevic,roger federer
20140101-M-Brisbane-R16-Marin_Cilic-Grigor_Dimitrov,marin cilic,grigor dimitrov,marin cilic
20131231-M-Doha-R32-Rafael_Nadal-Lukas_Rosol,rafael nadal,lukas rosol,rafael nadal
20131230-M-Brisbane-R32-Grigor_Dimitrov-Robin_Haase,grigor dimitrov,robin haase,grigor dimitrov
20131109-M-Tour_Finals-RR-Roger_Federer-Juan_Martin_Del_Potro,roger federer,juan martin del potro,roger federer
20131104-M-Tour_Finals-RR-Richard_Gasquet-Novak_Djokovic,richard gasquet,novak djokovic,novak djokovic
20131102-M-Paris_Masters-SF-Novak_Djokovic-Roger_Federer,novak djokovic,roger federer,novak djokovic
20131102-M-Paris_Masters-SF-David_Ferrer-Rafael_Nadal,david ferrer,rafael nadal,david ferrer
20131101-M-Paris_Masters-QF-Roger_Federer-Juan_Martin_Del_Potro,roger federer,juan martin del potro,roger federer
20131101-M-Paris_Masters-QF-Novak_Djokovic-Stanislas_Wawrinka,novak djokovic,stanislas wawrinka,novak djokovic
20131031-M-Paris_Masters-R16-John_Isner-Novak_Djokovic,john isner,novak djokovic,novak djokovic
20131028-M-Paris_Masters-QF-Richard_Gasquet-Rafael_Nadal,richard gasquet,rafael nadal,rafael nadal
20131025-M-Basel-QF-Grigor_Dimitrov-Roger_Federer,grigor dimitrov,roger federer,roger federer
20131013-M-Shanghai_Masters-F-Novak_Djokovic-Juan_Martin_Del_Potro,novak djokovic,juan martin del potro,novak djokovic
20131012-M-Shanghai_Masters-SF-Rafael_Nadal-Juan_Martin_Del_Potro,rafael nadal,juan martin del potro,juan martin del potro
20131012-M-Shanghai_Masters-SF-Novak_Djokovic-Jo_Wilfried_Tsonga,novak djokovic,jo wilfried tsonga,novak djokovic
20131010-M-Shanghai_Masters-R16-Roger_Federer-Gael_Monfils,roger federer,gael monfils,gael monfils
20131008-M-Shanghai_Masters-R64-Vasek_Pospisil-Richard_Gasquet,vasek pospisil,richard gasquet,vasek pospisil
20131007-M-Shanghai_Masters-R64-Gilles_Simon-Benoit_Paire,gilles simon,benoit paire,benoit paire
20131007-M-Shanghai_Masters-R32-Roger_Federer-Andreas_Seppi,roger federer,andreas seppi,roger federer
20131007-M-Shanghai_Masters-R32-Rafael_Nadal-Alexandr_Dolgopolov,rafael nadal,alexandr dolgopolov,rafael nadal
20131007-M-Shanghai_Masters-R32-Marcel_Granollers-Novak_Djokovic,marcel granollers,novak djokovic,novak djokovic
20131006-M-Tokyo-F-Juan_Martin_Del_Potro-Milos_Raonic,juan martin del potro,milos raonic,juan martin del potro
20131005-M-Beijing-F-Novak_Djokovic-Rafael_Nadal,novak djokovic,rafael nadal,novak djokovic
20131004-M-Beijing-QF-Fabio_Fognini-Rafael_Nadal,fabio fognini,rafael nadal,rafael nadal
20130909-M-US_Open-F-Novak_Djokovic-Rafael_Nadal,novak djokovic,rafael nadal,rafael nadal
20130907-M-US_Open-SF-Richard_Gasquet-Rafael_Nadal,richard gasquet,rafael nadal,rafael nadal
20130907-M-US_Open-SF-Novak_Djokovic-Stanislas_Wawrinka,novak djokovic,stanislas wawrinka,novak djokovic
20130905-M-US_Open-QF-Stanislas_Wawrinka-Andy_Murray,stanislas wawrinka,andy murray,stanislas wawrinka
20130904-M-US_Open-QF-Richard_Gasquet-David_Ferrer,richard gasquet,david ferrer,richard gasquet
20130903-M-US_Open-R16-Denis_Istomin-Andy_Murray,denis istomin,andy murray,andy murray
20130901-M-US_Open-R32-Tomas_Berdych-Julien_Benneteau,tomas berdych,julien benneteau,tomas berdych
20130830-M-US_Open-R64-Kevin_Anderson-Marcos_Baghdatis,kevin anderson,marcos baghdatis,marcos baghdatis
20130818-M-Cincinnati_Masters-F-John_Isner-Rafael_Nadal,john isner,rafael nadal,rafael nadal
20130813-M-Canada_Masters-QF-Novak_Djokovic-Richard_Gasquet,novak djokovic,richard gasquet,novak djokovic
20130811-M-Canada_Masters-F-Milos_Raonic-Rafael_Nadal,milos raonic,rafael nadal,rafael nadal
20130808-M-Canada_Masters-R16-Ernests_Gulbis-Andy_Murray,ernests gulbis,andy murray,ernests gulbis
20130807-M-Montreal_Masters-R32-Marcel_Granollers-Andy_Murray,marcel granollers,andy murray,andy murray
20130806-M-Canada_Masters-R64-Vasek_Pospisil-John_Isner,vasek pospisil,john isner,vasek pospisil
20130805-M-Canada_Masters-R64-Peter_Polansky-Kei_Nishikori,peter polansky,kei nishikori,kei nishikori
20130729-M-Washington-R16-Bernard_Tomic-Juan_Martin_Del_Potro,bernard tomic,juan martin del potro,juan martin del potro
20130728-M-Atlanta-F-Kevin_Anderson-John_Isner,kevin anderson,john isner,john isner
20130327-M-Miami_Masters-R16-Novak_Djokovic-Tommy_Haas,novak djokovic,tommy haas,tommy haas
20130325-M-Miami_Masters-R32-Grigor_Dimitrov-Andy_Murray,grigor dimitrov,andy murray,andy murray
20130323-M-Miami_Masters-R64-Bernard_Tomic-Andy_Murray,bernard tomic,andy murray,andy murray
20130317-M-Indian_Wells_Masters-F-Rafael_Nadal-Juan_Martin_Del_Potro,rafael nadal,juan martin del potro,rafael nadal
20130314-M-Indian_Wells-R16-Tommy_Haas-Juan_Martin_Del_Potro,tommy haas,juan martin del potro,juan martin del potro
20130312-M-Indian_Wells-R32-Ernests_Gulbis-Andreas_Seppi,ernests gulbis,andreas seppi,ernests gulbis
20130307-M-Indian_Wells_Masters-R32-Richard_Gasquet-Jerzy_Janowicz,richard gasquet,jerzy janowicz,richard gasquet
20130303-M-Delray_Beach-F-Ernests_Gulbis-Edouard_Roger_Vasselin,ernests gulbis,edouard roger vasselin,ernests gulbis
20130302-M-Dubai-F-Novak_Djokovic-Tomas_Berdych,novak djokovic,tomas berdych,novak djokovic
20130225-M-Dubai-R32-Roger_Federer-Malek_Jaziri,roger federer,malek jaziri,roger federer
20130127-M-Australian_Open-F-Novak_Djokovic-Andy_Murray,novak djokovic,andy murray,novak djokovic
20130125-M-Australian_Open-SF-Roger_Federer-Andy_Murray_,roger federer,andy murray,andy murray
20130125-M-Australian_Open-SF-David_Ferrer-Novak_Djokovic,david ferrer,novak djokovic,novak djokovic
20130121-M-Australian_Open-R16-Roger_Federer-Milos_Raonic,roger federer,milos raonic,roger federer
20130120-M-Australian_Open-R16-Novak_Djokovic-Stanislas_Wawrinka,novak djokovic,stanislas wawrinka,novak djokovic
20130117-M-Davis_Cup_World_Group_F-RR-Novak_Djokovic-Tomas_Berdych,novak djokovic,tomas berdych,novak djokovic
20130112-M-Sydney-F-Bernard_Tomic-Kevin_Anderson,bernard tomic,kevin anderson,bernard tomic
20130108-M-Sydney-R32-Bernard_Tomic-Marinko_Matosevic,bernard tomic,marinko matosevic,bernard tomic
20121102-M-Paris_Masters-QF-David_Ferrer-Jo_Wilfried_Tsonga,david ferrer,jo wilfried tsonga,david ferrer
20121029-M-Paris_Masters-F-David_Ferrer-Jerzy_Janowicz,david ferrer,jerzy janowicz,david ferrer
20121011-M-Shanghai_Masters-R16-Alexandr_Dolgopolov-Andy_Murray,alexandr dolgopolov,andy murray,andy murray
20121008-M-Shanghai_Masters-R32-Novak_Djokovic-Grigor_Dimitrov,novak djokovic,grigor dimitrov,novak djokovic
20120909-M-US_Open-F-Novak_Djokovic-Andy_Murray,novak djokovic,andy murray,andy murray
20120904-M-US_Open-QF-Novak_Djokovic-Juan_Martin_Del_Potro,novak djokovic,juan martin del potro,novak djokovic
20120818-M-Cincinnati_Masters-F-Novak_Djokovic-Roger_Federer,novak djokovic,roger federer,roger federer
20120817-M-Cincinnati_Masters-SF-Roger_Federer-Stanislas_Wawrinka,roger federer,stanislas wawrinka,roger federer
20120812-M-Canada_Masters-F-Novak_Djokovic-Richard_Gasquet,novak djokovic,richard gasquet,novak djokovic
20120327-M-Miami_Masters-QF-David_Ferrer-Novak_Djokovic,david ferrer,novak djokovic,novak djokovic
20120316-M-Indian_Wells_Masters-SF-Roger_Federer-Rafael_Nadal,roger federer,rafael nadal,roger federer
20120314-M-Indian_Wells_Masters-R16-Roger_Federer-Thomaz_Bellucci,roger federer,thomaz bellucci,roger federer
20120303-M-Dubai-F-Andy_Murray-Roger_Federer,andy murray,roger federer,roger federer
20120301-M-Delray_Beach-R16-Bernard_Tomic-Tim_Smyczek,bernard tomic,tim smyczek,bernard tomic
20120227-M-Dubai-SF-Andy_Murray-Novak_Djokovic,andy murray,novak djokovic,andy murray
20120219-M-Rotterdam-F-Roger_Federer-Juan_Martin_Del_Potro,roger federer,juan martin del potro,roger federer
20120210-M-Davis_Cup_World_Group_R1-RR-Julien_Benneteau-Milos_Raonic,julien benneteau,milos raonic,milos raonic
20120129-M-Australian_Open-F-Novak_Djokovic-Rafael_Nadal,novak djokovic,rafael nadal,novak djokovic
20120127-M-Australian_Open-SF-Roger_Federer-Rafael_Nadal,roger federer,rafael nadal,rafael nadal
20120127-M-Australian_Open-SF-Novak_Djokovic-Andy_Murray,novak djokovic,andy murray,novak djokovic
20120125-M-Australian_Open-QF-Andy_Murray-Kei_Nishikori,andy murray,kei nishikori,andy murray
20120124-M-Australian_Open-QF-David_Ferrer-Novak_Djokovic,david ferrer,novak djokovic,novak djokovic
20120122-M-Australian_Open-R16-Novak_Djokovic-Lleyton_Hewitt,novak djokovic,lleyton hewitt,novak djokovic
20111125-M-Tour_Finals-SF-David_Ferrer-Roger_Federer,david ferrer,roger federer,roger federer
20111122-M-Tour_Finals-RR-Roger_Federer-Rafael_Nadal,roger federer,rafael nadal,roger federer
20111021-M-Stockholm-QF-Grigor_Dimitrov-Milos_Raonic,grigor dimitrov,milos raonic,milos raonic
20111009-M-Tokyo-F-Rafael_Nadal-Andy_Murray,rafael nadal,andy murray,andy murray
20111009-M-Shanghai_Masters-R32-David_Ferrer-Milos_Raonic,david ferrer,milos raonic,david ferrer
20111008-M-Tokyo-SF-David_Ferrer-Andy_Murray,david ferrer,andy murray,andy murray
20110911-M-US_Open-F-Rafael_Nadal_-Novak_Djokovic,rafael nadal,novak djokovic,novak djokovic
20110909-M-US_Open-SF-Roger_Federer-Novak_Djokovic,roger federer,novak djokovic,novak djokovic
20110401-M-Miami_Masters-SF-Roger_Federer-Rafael_Nadal,roger federer,rafael nadal,rafael nadal
20110319-M-Indian_Wells_Masters-F-Novak_Djokovic-Rafael_Nadal,novak djokovic,rafael nadal,novak djokovic
20110316-M-Indian_Wells_Masters-QF-Roger_Federer-Stanislas_Wawrinka,roger federer,stanislas wawrinka,roger federer
20110310-M-Indian_Wells_Masters-QF-Richard_Gasquet-Novak_Djokovic,richard gasquet,novak djokovic,novak djokovic
20110221-M-Dubai-F-Roger_Federer-Novak_Djokovic,roger federer,novak djokovic,novak djokovic
20110130-M-Australian_Open-F-Novak_Djokovic-Andy_Murray,novak djokovic,andy murray,novak djokovic
20110118-M-Australian_Open-R128-David_Nalbandian-Lleyton_Hewitt,david nalbandian,lleyton hewitt,david nalbandian
20110102-M-Brisbane-R16-Robin_Soderling-Michael_Berrer,robin soderling,michael berrer,robin soderling
20101126-M-Tour_Finals-SF-Roger_Federer-Novak_Djokovic,roger federer,novak djokovic,roger federer
20101122-M-Tour_Finals-RR-Robin_Soderling-Andy_Murray,robin soderling,andy murray,andy murray
20101121-M-Tour_Finals-RR-Novak_Djokovic-Andy_Roddick,novak djokovic,andy roddick,novak djokovic
20101121-M-Tour_Finals-RR-Andy_Murray_-Roger_Federer,andy murray,roger federer,roger federer
20101015-M-Shanghai_Masters-SF-Novak_Djokovic-Roger_Federer,novak djokovic,roger federer,roger federer
20101010-M-Shanghai_Masters-QF-Robin_Soderling-Roger_Federer,robin soderling,roger federer,roger federer
20100912-M-US_Open-F-Novak_Djokovic-Rafael_Nadal,novak djokovic,rafael nadal,rafael nadal
20100131-M-Australian_Open-F-Roger_Federer-Andy_Murray,roger federer,andy murray,roger federer
20100126-M-Australian_Open-QF-Novak_Djokovic-Jo_Wilfried_Tsonga,novak djokovic,jo wilfried tsonga,jo wilfried tsonga
20100126-M-Australian_Open-QF-Andy_Murray-Rafael_Nadal,andy murray,rafael nadal,andy murray
20091127-M-Tour_Finals-SF-Robin_Soderling-Juan_Martin_Del_Potro,robin soderling,juan martin del potro,juan martin del potro
20091123-M-Tour_Finals-RR-Robin_Soderling-Rafael_Nadal,robin soderling,rafael nadal,robin soderling
20091122-M-Tour_Finals-RR-Andy_Murray-Roger_Federer,andy murray,roger federer,roger federer
20091122-M-London-RR-Robin_Soderling-Novak_Djokovic,robin soderling,novak djokovic,robin soderling
20091110-M-Paris_Masters-R32-Marat_Safin-Juan_Martin_Del_Potro,marat safin,juan martin del potro,juan martin del potro
20090912-M-US_Open-F-Roger_Federer-Juan_Martin_Del_Potro,roger federer,juan martin del potro,juan martin del potro
20090831-M-US_Open-SF-Juan_Martin_Del_Potro-Rafael_Nadal,juan martin del potro,rafael nadal,juan martin del potro
20090816-M-Cincinnati-F-Roger_Federer-Novak_Djokovic,roger federer,novak djokovic,roger federer
20090810-M-Montreal_Masters-R32-Fernando_Gonzalez-Milos_Raonic,fernando gonzalez,milos raonic,fernando gonzalez
20090405-M-Miami_Masters-F-Novak_Djokovic-Andy_Murray,novak djokovic,andy murray,andy murray
20090201-M-Australian_Open-F-Roger_Federer-Rafael_Nadal,roger federer,rafael nadal,rafael nadal
20090130-M-Australian_Open-SF-Fernando_Verdasco-Rafael_Nadal,fernando verdasco,rafael nadal,rafael nadal
20080908-M-US_Open-F-Roger_Federer-Andy_Murray,roger federer,andy murray,roger federer
20080905-M-US_Open-SF-Rafael_Nadal-Andy_Murray,rafael nadal,andy murray,andy murray
20080817-M-Olympics-F-Rafael_Nadal-Fernando_Gonzalez,rafael nadal,fernando gonzalez,rafael nadal
20080815-M-Olympics-SF-Novak_Djokovic-Rafael_Nadal,novak djokovic,rafael nadal,rafael nadal
20080802-M-Cincinnati_Masters-SF-Novak_Djokovic-Rafael_Nadal,novak djokovic,rafael nadal,novak djokovic
20080127-M-Australian_Open-F-Jo_Wilfried_Tsonga-Novak_Djokovic,jo wilfried tsonga,novak djokovic,novak djokovic
20080125-M-Australian_Open-SF-Jo_Wilfried_Tsonga_-Rafael_Nadal,jo wilfried tsonga,rafael nadal,jo wilfried tsonga
20071112-M-Masters_Cup-SF-Roger_Federer-Rafael_Nadal,roger federer,rafael nadal,roger federer
20071112-M-Masters_Cup-RR-Novak_Djokovic-Richard_Gasquet,novak djokovic,richard gasquet,richard gasquet
20071028-M-Paris_Masters-F-Rafael_Nadal-David_Nalbandian,rafael nadal,david nalbandian,david nalbandian
20071022-M-Basel-R16-Roger_Federer-Juan_Martin_Del_Potro,roger federer,juan martin del potro,roger federer
20070909-M-US_Open-F-Roger_Federer-Novak_Djokovic,roger federer,novak djokovic,roger federer
20070314-M-Indian_Wells_Masters-F-Novak_Djokovic-Rafael_Nadal,novak djokovic,rafael nadal,rafael nadal
20070128-M-Australian_Open-F-Roger_Federer-Fernando_Gonzalez,roger federer,fernando gonzalez,roger federer
20070123-M-Australian_Open-QF-Rafael_Nadal-Fernando_Gonzalez,rafael nadal,fernando gonzalez,fernando gonzalez
20061113-M-Shanghai-SF-Roger_Federer-Rafael_Nadal,roger federer,rafael nadal,roger federer
20061010-M-Moscow-R32-Marat_Safin-Nicolas_Mahut,marat safin,nicolas mahut,marat safin
20060922-M-Davis_Cup_World_Group_PO-RR-Roger_Federer-Novak_Djokovic,roger federer,novak djokovic,roger federer
20060826-M-US_Open-F-Roger_Federer-Andy_Roddick,roger federer,andy roddick,roger federer
20060129-M-Australian_Open-F-Roger_Federer-Marcos_Baghdatis,roger federer,marcos baghdatis,roger federer
20051120-M-Masters_Cup-F-Roger_Federer-David_Nalbandian,roger federer,david nalbandian,david nalbandian
20050911-M-US_Open-F-Roger_Federer-Andre_Agassi,roger federer,andre agassi,roger federer
20050221-M-Dubai-SF-Roger_Federer-Andre_Agassi,roger federer,andre agassi,roger federer
20050130-M-Australian_Open-F-Lleyton_Hewitt-Marat_Safin,lleyton hewitt,marat safin,marat safin
20041115-M-Masters_Cup-F-Roger_Federer-Lleyton_Hewitt,roger federer,lleyton hewitt,roger federer
20040912-M-US_Open-F-Lleyton_Hewitt-Roger_Federer,lleyton hewitt,roger federer,roger federer
20040807-M-Cincinnati_Masters-SF-Andy_Roddick-Andre_Agassi,andy roddick,andre agassi,andre agassi
20040726-M-Canada_Masters-R32-Andy_Roddick-Feliciano_Lopez,andy roddick,feliciano lopez,andy roddick
20040201-M-Australian_Open-F-Roger_Federer-Marat_Safin,roger federer,marat safin,roger federer
20030809-M-Canada_Masters-SF-Roger_Federer-Andy_Roddick,roger federer,andy roddick,andy roddick
20030804-M-Canada_Masters-R16-Roger_Federer-Tommy_Robredo,roger federer,tommy robredo,roger federer
20020908-M-US_Open-F-Pete_Sampras-Andre_Agassi,pete sampras,andre agassi,pete sampras
20020428-M-Houston-SF-Pete_Sampras-Andre_Agassi,pete sampras,andre agassi,pete sampras
20011112-M-Masters_Cup-RR-Patrick_Rafter-Andre_Agassi,patrick rafter,andre agassi,andre agassi
20010909-M-US_Open-F-Pete_Sampras-Lleyton_Hewitt,pete sampras,lleyton hewitt,lleyton hewitt
20010319-M-Miami_Masters-R32-Pete_Sampras-Andy_Roddick,pete sampras,andy roddick,andy roddick
20001127-M-Tour_Finals-SF-Marat_Safin-Andre_Agassi,marat safin,andre agassi,andre agassi
20000910-M-US_Open-F-Pete_Sampras-Marat_Safin,pete sampras,marat safin,marat safin
20000130-M-Australian_Open-F-Yevgeny_Kafelnikov-Andre_Agassi,yevgeny kafelnikov,andre agassi,andre agassi
19991122-M-Tour_Finals-RR-Pete_Sampras-Andre_Agassi,pete sampras,andre agassi,andre agassi
19981005-M-Basel-R32-Andre_Agassi-Roger_Federer,andre agassi,roger federer,andre agassi
19980817-M-New_Haven-R32-Pete_Sampras-Lleyton_Hewitt,pete sampras,lleyton hewitt,pete sampras
19980810-M-Cincinnati_Masters-SF-Yevgeny_Kafelnikov-Patrick_Rafter,yevgeny kafelnikov,patrick rafter,patrick rafter
19980209-M-San_Jose-F-Pete_Sampras-Andre_Agassi,pete sampras,andre agassi,andre agassi
19971110-M-Tour_Finals-RR-Patrick_Rafter-Pete_Sampras,patrick rafter,pete sampras,pete sampras
19971027-M-Paris_Masters-SF-Pete_Sampras-Yevgeny_Kafelnikov,pete sampras,yevgeny kafelnikov,pete sampras
19961119-M-Tour_Finals-RR-Pete_Sampras-Andre_Agassi,pete sampras,andre agassi,pete sampras
19960908-M-US_Open-F-Pete_Sampras-Michael_Chang,pete sampras,michael chang,pete sampras
19960128-M-Australian_Open-F-Michael_Chang-Boris_Becker,michael chang,boris becker,boris becker
19950910-M-US_Open-F-Pete_Sampras-Andre_Agassi,pete sampras,andre agassi,pete sampras
19950129-M-Australian_Open-F-Pete_Sampras-Andre_Agassi,pete sampras,andre agassi,andre agassi
19941120-M-Tour_Finals-SF-Pete_Sampras-Andre_Agassi,pete sampras,andre agassi,pete sampras
19941116-M-Tour_Finals-RR-Michael_Chang-Andre_Agassi,michael chang,andre agassi,andre agassi
19930131-M-Australian_Open-F-Jim_Courier-Stefan_Edberg,jim courier,stefan edberg,jim courier
19920913-M-US_Open-F-Pete_Sampras-Stefan_Edberg,pete sampras,stefan edberg,stefan edberg
19920126-M-Australian_Open-F-Jim_Courier-Stefan_Edberg,jim courier,stefan edberg,jim courier
19910908-M-US_Open-F-Jim_Courier-Stefan_Edberg,jim courier,stefan edberg,stefan edberg
19910127-M-Australian_Open-F-Ivan_Lendl-Boris_Becker,ivan lendl,boris becker,boris becker
19900909-M-US_Open-F-Andre_Agassi-Pete_Sampras,andre agassi,pete sampras,pete sampras
19900128-M-Australian_Open-F-Ivan_Lendl-Stefan_Edberg,ivan lendl,stefan edberg,ivan lendl
19890910-M-US_Open-F-Boris_Becker-Ivan_Lendl,boris becker,ivan lendl,boris becker
19880911-M-US_Open-F-Mats_Wilander-Ivan_Lendl,mats wilander,ivan lendl,mats wilander
19870914-M-US_Open-F-Ivan_Lendl-Mats_Wilander,ivan lendl,mats wilander,ivan lendl
19850908-M-US_Open-F-John_Mcenroe-Ivan_Lendl,john mcenroe,ivan lendl,ivan lendl
19840909-M-US_Open-F-John_Mcenroe-Ivan_Lendl,john mcenroe,ivan lendl,john mcenroe
19810913-M-US_Open-F-John_Mcenroe-Bjorn_Borg,john mcenroe,bjorn borg,john mcenroe
19800907-M-US_Open-F-John_Mcenroe-Bjorn_Borg,john mcenroe,bjorn borg,john mcenroe
